CountryCode,locale,descr
121,pt,descr-146193
121,tr,descr-146194
965,hu,descr-18768970
965,zh,descr-18768971
554,ja,descr-28411837
554,nl,descr-28411838
447,sv,descr-22419115
447,de,descr-22419116
442,zh,descr-16505576
442,cs,descr-16505577
443,ru,descr-6884481
443,pl,descr-6884482
655,sv,descr-29831694
655,ko,descr-29831695
894,nl,descr-6511513
894,de,descr-6511514
424,pt,descr-25731257
424,de,descr-25731258
846,ru,descr-26784450
846,fr,descr-26784451
474,ar,descr-19691308
474,da,descr-19691309
382,ar,descr-7438771
382,ja,descr-7438772
286,ro,descr-2172025
286,ar,descr-2172026
731,da,descr-4580337
731,de,descr-4580338
