code,locale,name,descr
ializations-10455182,zh,name-31507127,descr-31507127
ializations-10455182,ms,name-31507128,descr-31507128
ializations-19402306,en,name-6859854,descr-6859854
ializations-19402306,ms,name-6859855,descr-6859855
ializations-19402307,en,name-12916845,descr-12916845
ializations-19402307,da,name-12916846,descr-12916846
ializations-21498444,ar,name-13203200,descr-13203200
ializations-21498444,es,name-13203201,descr-13203201
ializations-23841238,it,name-1991344,descr-1991344
ializations-23841238,fr,name-1991345,descr-1991345
